,Median,IQR
Tile_1,0.7063502159484026,0.2983510634674885
Tile_2,0.8450394547816884,0.30059117672601443
Tile_3,0.8052952502822222,0.3833506760772043
Tile_4,0.35216599619090727,0.1191753948026002
Tile_5,0.9365380679216588,0.3005180668014411
Tile_6,0.8477104193289698,0.13243664587733162
