,Median,IQR
Tile_1,1.6964875411368532,0.8493918688299495
Tile_2,0.8422102373298501,0.33269626904304395
Tile_3,0.10507229020998556,0.08834532962811298
Tile_4,0.8100838976834006,0.6185683770091409
Tile_5,0.6503854182875797,0.19999544649703993
Tile_6,0.9872397772720547,0.5744886210326497
