,Median,IQR
Tile_1,0.4868139293998705,0.25226606212561087
Tile_2,0.9564504075247036,0.3010830833134439
Tile_3,0.8591223319011092,0.6965372790891642
Tile_4,0.05499249035271561,0.030073270668542526
Tile_5,0.8471587691863034,0.2892557550470105
Tile_6,0.7029103556768304,0.29006732685873937
Tile_7,0.7743974851734721,0.09422274030046174
Tile_8,0.2858369199896687,0.06211308888524181
